,link
15000,https://openprocessing.org/sketch/1805929
15001,https://openprocessing.org/sketch/1816299
15002,https://openprocessing.org/sketch/1825995
15003,https://openprocessing.org/sketch/1806065
15004,https://openprocessing.org/sketch/1813388
15005,https://openprocessing.org/sketch/1827855
15006,https://openprocessing.org/sketch/1820638
15007,https://openprocessing.org/sketch/1810753
15008,https://openprocessing.org/sketch/1811791
15009,https://openprocessing.org/sketch/1834262
15010,https://openprocessing.org/sketch/1828278
15011,https://openprocessing.org/sketch/1826108
15012,https://openprocessing.org/sketch/1823360
15013,https://openprocessing.org/sketch/1820824
15014,https://openprocessing.org/sketch/1830894
15015,https://openprocessing.org/sketch/1808411
15016,https://openprocessing.org/sketch/1824120
15017,https://openprocessing.org/sketch/1829885
15018,https://openprocessing.org/sketch/1816994
15019,https://openprocessing.org/sketch/1816334
15020,https://openprocessing.org/sketch/1832954
15021,https://openprocessing.org/sketch/1830669
15022,https://openprocessing.org/sketch/1807379
15023,https://openprocessing.org/sketch/1816019
15024,https://openprocessing.org/sketch/1818961
15025,https://openprocessing.org/sketch/1826932
15026,https://openprocessing.org/sketch/1818052
15027,https://openprocessing.org/sketch/1827291
15028,https://openprocessing.org/sketch/1816127
15029,https://openprocessing.org/sketch/1833377
15030,https://openprocessing.org/sketch/1820041
15031,https://openprocessing.org/sketch/1813583
15032,https://openprocessing.org/sketch/1817748
15033,https://openprocessing.org/sketch/1825639
15034,https://openprocessing.org/sketch/1831062
15035,https://openprocessing.org/sketch/1829397
15036,https://openprocessing.org/sketch/1824704
15037,https://openprocessing.org/sketch/1832781
15038,https://openprocessing.org/sketch/1814983
15039,https://openprocessing.org/sketch/1813836
15040,https://openprocessing.org/sketch/1832137
15041,https://openprocessing.org/sketch/1815775
15042,https://openprocessing.org/sketch/1820320
15043,https://openprocessing.org/sketch/1827960
15044,https://openprocessing.org/sketch/1830602
15045,https://openprocessing.org/sketch/1809461
15046,https://openprocessing.org/sketch/1809148
15047,https://openprocessing.org/sketch/1834058
15048,https://openprocessing.org/sketch/1826348
15049,https://openprocessing.org/sketch/1824592
15050,https://openprocessing.org/sketch/1823946
15051,https://openprocessing.org/sketch/1811345
15052,https://openprocessing.org/sketch/1814394
15053,https://openprocessing.org/sketch/1828197
15054,https://openprocessing.org/sketch/1823555
15055,https://openprocessing.org/sketch/1806952
15056,https://openprocessing.org/sketch/1832376
15057,https://openprocessing.org/sketch/1817513
15058,https://openprocessing.org/sketch/1833160
15059,https://openprocessing.org/sketch/1818727
15060,https://openprocessing.org/sketch/1815145
15061,https://openprocessing.org/sketch/1809322
15062,https://openprocessing.org/sketch/1822923
15063,https://openprocessing.org/sketch/1810673
15064,https://openprocessing.org/sketch/1806605
15065,https://openprocessing.org/sketch/1822028
15066,https://openprocessing.org/sketch/1809463
15067,https://openprocessing.org/sketch/1833111
15068,https://openprocessing.org/sketch/1820654
15069,https://openprocessing.org/sketch/1819928
15070,https://openprocessing.org/sketch/1818334
15071,https://openprocessing.org/sketch/1817301
15072,https://openprocessing.org/sketch/1814214
15073,https://openprocessing.org/sketch/1834350
15074,https://openprocessing.org/sketch/1816999
15075,https://openprocessing.org/sketch/1809667
15076,https://openprocessing.org/sketch/1813257
15077,https://openprocessing.org/sketch/1829499
15078,https://openprocessing.org/sketch/1825988
15079,https://openprocessing.org/sketch/1825445
15080,https://openprocessing.org/sketch/1822623
15081,https://openprocessing.org/sketch/1826020
15082,https://openprocessing.org/sketch/1820566
15083,https://openprocessing.org/sketch/1813840
15084,https://openprocessing.org/sketch/1825271
15085,https://openprocessing.org/sketch/1809354
15086,https://openprocessing.org/sketch/1831829
15087,https://openprocessing.org/sketch/1825525
15088,https://openprocessing.org/sketch/1829423
15089,https://openprocessing.org/sketch/1816703
15090,https://openprocessing.org/sketch/1818258
15091,https://openprocessing.org/sketch/1804691
15092,https://openprocessing.org/sketch/1804232
15093,https://openprocessing.org/sketch/1829174
15094,https://openprocessing.org/sketch/1828014
15095,https://openprocessing.org/sketch/1808554
15096,https://openprocessing.org/sketch/1805413
15097,https://openprocessing.org/sketch/1824473
15098,https://openprocessing.org/sketch/1804686
15099,https://openprocessing.org/sketch/1819666
15100,https://openprocessing.org/sketch/1816034
15101,https://openprocessing.org/sketch/1805272
15102,https://openprocessing.org/sketch/1824986
15103,https://openprocessing.org/sketch/1812195
15104,https://openprocessing.org/sketch/1811806
15105,https://openprocessing.org/sketch/1825242
15106,https://openprocessing.org/sketch/1834233
15107,https://openprocessing.org/sketch/1826002
15108,https://openprocessing.org/sketch/1819935
15109,https://openprocessing.org/sketch/1812632
15110,https://openprocessing.org/sketch/1812564
15111,https://openprocessing.org/sketch/1829398
15112,https://openprocessing.org/sketch/1829935
15113,https://openprocessing.org/sketch/1813386
15114,https://openprocessing.org/sketch/1812022
15115,https://openprocessing.org/sketch/1829155
15116,https://openprocessing.org/sketch/1824242
15117,https://openprocessing.org/sketch/1820155
15118,https://openprocessing.org/sketch/1833986
15119,https://openprocessing.org/sketch/1811830
15120,https://openprocessing.org/sketch/1807729
15121,https://openprocessing.org/sketch/1814520
15122,https://openprocessing.org/sketch/1804382
15123,https://openprocessing.org/sketch/1814129
15124,https://openprocessing.org/sketch/1805307
15125,https://openprocessing.org/sketch/1806898
15126,https://openprocessing.org/sketch/1834030
15127,https://openprocessing.org/sketch/1808507
15128,https://openprocessing.org/sketch/1833426
15129,https://openprocessing.org/sketch/1834258
15130,https://openprocessing.org/sketch/1831050
15131,https://openprocessing.org/sketch/1824267
15132,https://openprocessing.org/sketch/1817650
15133,https://openprocessing.org/sketch/1819829
15134,https://openprocessing.org/sketch/1827632
15135,https://openprocessing.org/sketch/1820811
15136,https://openprocessing.org/sketch/1819121
15137,https://openprocessing.org/sketch/1828817
15138,https://openprocessing.org/sketch/1830699
15139,https://openprocessing.org/sketch/1818975
15140,https://openprocessing.org/sketch/1820409
15141,https://openprocessing.org/sketch/1804623
15142,https://openprocessing.org/sketch/1825950
15143,https://openprocessing.org/sketch/1813446
15144,https://openprocessing.org/sketch/1831035
15145,https://openprocessing.org/sketch/1804219
15146,https://openprocessing.org/sketch/1834400
15147,https://openprocessing.org/sketch/1821889
15148,https://openprocessing.org/sketch/1833568
15149,https://openprocessing.org/sketch/1812884
15150,https://openprocessing.org/sketch/1812728
15151,https://openprocessing.org/sketch/1812399
15152,https://openprocessing.org/sketch/1820120
15153,https://openprocessing.org/sketch/1809411
15154,https://openprocessing.org/sketch/1833639
15155,https://openprocessing.org/sketch/1825056
15156,https://openprocessing.org/sketch/1829544
15157,https://openprocessing.org/sketch/1812746
15158,https://openprocessing.org/sketch/1829689
15159,https://openprocessing.org/sketch/1825895
15160,https://openprocessing.org/sketch/1810389
15161,https://openprocessing.org/sketch/1819891
15162,https://openprocessing.org/sketch/1830757
15163,https://openprocessing.org/sketch/1826595
15164,https://openprocessing.org/sketch/1807341
15165,https://openprocessing.org/sketch/1812642
15166,https://openprocessing.org/sketch/1832283
15167,https://openprocessing.org/sketch/1816157
15168,https://openprocessing.org/sketch/1816802
15169,https://openprocessing.org/sketch/1810349
15170,https://openprocessing.org/sketch/1832921
15171,https://openprocessing.org/sketch/1805049
15172,https://openprocessing.org/sketch/1818083
15173,https://openprocessing.org/sketch/1827724
15174,https://openprocessing.org/sketch/1823096
15175,https://openprocessing.org/sketch/1819911
15176,https://openprocessing.org/sketch/1818412
15177,https://openprocessing.org/sketch/1807911
15178,https://openprocessing.org/sketch/1815352
15179,https://openprocessing.org/sketch/1834640
15180,https://openprocessing.org/sketch/1834003
15181,https://openprocessing.org/sketch/1826162
15182,https://openprocessing.org/sketch/1814553
15183,https://openprocessing.org/sketch/1827069
15184,https://openprocessing.org/sketch/1824391
15185,https://openprocessing.org/sketch/1813417
15186,https://openprocessing.org/sketch/1808555
15187,https://openprocessing.org/sketch/1806724
15188,https://openprocessing.org/sketch/1821939
15189,https://openprocessing.org/sketch/1816937
15190,https://openprocessing.org/sketch/1827540
15191,https://openprocessing.org/sketch/1807183
15192,https://openprocessing.org/sketch/1806426
15193,https://openprocessing.org/sketch/1810803
15194,https://openprocessing.org/sketch/1830953
15195,https://openprocessing.org/sketch/1804842
15196,https://openprocessing.org/sketch/1804190
15197,https://openprocessing.org/sketch/1830221
15198,https://openprocessing.org/sketch/1834437
15199,https://openprocessing.org/sketch/1826824
15200,https://openprocessing.org/sketch/1824168
15201,https://openprocessing.org/sketch/1820758
15202,https://openprocessing.org/sketch/1819524
15203,https://openprocessing.org/sketch/1814854
15204,https://openprocessing.org/sketch/1814542
15205,https://openprocessing.org/sketch/1831799
15206,https://openprocessing.org/sketch/1831736
15207,https://openprocessing.org/sketch/1818670
15208,https://openprocessing.org/sketch/1813578
15209,https://openprocessing.org/sketch/1807819
15210,https://openprocessing.org/sketch/1807731
15211,https://openprocessing.org/sketch/1814924
15212,https://openprocessing.org/sketch/1834708
15213,https://openprocessing.org/sketch/1828172
15214,https://openprocessing.org/sketch/1823446
15215,https://openprocessing.org/sketch/1811743